H2_flow,m_ratio
0.005,1.571755191
0.0075,1.732060606
0.01,1.867204322
0.0125,1.986268326
0.015,2.093910414
0.0175,2.19289753
0.02,2.285032491
0.0225,2.371567538
0.025,2.45341442
0.0275,2.531261435
